Index2_ID,seq_MiSeq_workflowA,starts_GG_MiSeq,seq_NextSeq_workflowB,starts_GG_NextSeq
CZB-TRUSEQ-8-12BP-i5-PLATE-001-A04,GGTGTACATGAG,True,CTCATGTACACC,False
CZB-TRUSEQ-8-12BP-i5-PLATE-001-B01,GGATTGGTGAAC,True,GTTCACCAATCC,False
CZB-TRUSEQ-8-12BP-i5-PLATE-001-B02,GGACGAATGTGA,True,TCACATTCGTCC,False
CZB-TRUSEQ-8-12BP-i5-PLATE-001-B12,GGTCTAACACTC,True,GAGTGTTAGACC,False
CZB-TRUSEQ-8-12BP-i5-PLATE-001-C05,GGTAGTCTTGAG,True,CTCAAGACTACC,False
CZB-TRUSEQ-8-12BP-i5-PLATE-001-E05,GGTTAGTGCTTG,True,CAAGCACTAACC,False
CZB-TRUSEQ-8-12BP-i5-PLATE-001-H11,GGTAAGGTCTTG,True,CAAGACCTTACC,False
CZB-TRUSEQ-8-12BP-i5-PLATE-002-D04,GGATCCATGTGA,True,TCACATGGATCC,False
CZB-TRUSEQ-8-12BP-i5-PLATE-002-H01,GGCTAGATAGCA,True,TGCTATCTAGCC,False
CZB-TRUSEQ-8-12BP-i5-PLATE-003-A09,GGTACTGACACT,True,AGTGTCAGTACC,False
CZB-TRUSEQ-8-12BP-i5-PLATE-003-B09,GGAAGAGACACT,True,AGTGTCTCTTCC,False
CZB-TRUSEQ-8-12BP-i5-PLATE-003-B10,GGTTCTTCCACT,True,AGTGGAAGAACC,False
CZB-TRUSEQ-8-12BP-i5-PLATE-003-C11,GGAATGAGTCGT,True,ACGACTCATTCC,False
CZB-TRUSEQ-8-12BP-i5-PLATE-003-D12,GGAGAATGCTTG,True,CAAGCATTCTCC,False
CZB-TRUSEQ-8-12BP-i5-PLATE-003-H11,GGCTAAGAGAAC,True,GTTCTCTTAGCC,False
CZB-TRUSEQ-8-12BP-i5-PLATE-004-B03,GGAGTCTACTTG,True,CAAGTAGACTCC,False
CZB-TRUSEQ-8-12BP-i5-PLATE-004-B10,GGTCTTGTCACT,True,AGTGACAAGACC,False
CZB-TRUSEQ-8-12BP-i5-PLATE-004-C12,GGACATTCAGCA,True,TGCTGAATGTCC,False
CZB-TRUSEQ-8-12BP-i5-PLATE-004-F08,GGCAATACTGAG,True,CTCAGTATTGCC,False
CZB-TRUSEQ-8-12BP-i5-PLATE-005-C04,GGAACTTGTGAG,True,CTCACAAGTTCC,False
CZB-TRUSEQ-8-12BP-i5-PLATE-005-D08,GGTAACTCTGAG,True,CTCAGAGTTACC,False
CZB-TRUSEQ-8-12BP-i5-PLATE-005-D12,GGATCACATGAG,True,CTCATGTGATCC,False
CZB-TRUSEQ-8-12BP-i5-PLATE-005-F05,GGAACAACCACT,True,AGTGGTTGTTCC,False
CZB-TRUSEQ-8-12BP-i5-PLATE-005-G02,GGCCTATAGTGA,True,TCACTATAGGCC,False
CZB-TRUSEQ-8-12BP-i5-PLATE-006-B03,GGCGATTATCGT,True,ACGATAATCGCC,False
CZB-TRUSEQ-8-12BP-i5-PLATE-006-H11,GGATGTACACTC,True,GAGTGTACATCC,False
CZB-TRUSEQ-8-12BP-i5-PLATE-007-B05,GGTTAGTGGAAC,True,GTTCCACTAACC,False
CZB-TRUSEQ-8-12BP-i5-PLATE-007-B12,GGTAAGGTGAAC,True,GTTCACCTTACC,False
CZB-TRUSEQ-8-12BP-i5-PLATE-007-D12,GGTCTAACCACT,True,AGTGGTTAGACC,False
CZB-TRUSEQ-8-12BP-i5-PLATE-007-E03,GGACGAATAGCA,True,TGCTATTCGTCC,False
CZB-TRUSEQ-8-12BP-i5-PLATE-007-G11,GGTAGTCTCTTG,True,CAAGAGACTACC,False
CZB-TRUSEQ-8-12BP-i5-PLATE-007-H02,GGTGTACACTTG,True,CAAGTGTACACC,False
CZB-TRUSEQ-8-12BP-i5-PLATE-007-H03,GGATTGGTACTC,True,GAGTACCAATCC,False
CZB-TRUSEQ-8-12BP-i5-PLATE-008-C01,GGATCCATAGCA,True,TGCTATGGATCC,False
CZB-TRUSEQ-8-12BP-i5-PLATE-008-G08,GGCTAGATTGAG,True,CTCAATCTAGCC,False
CZB-TRUSEQ-8-12BP-i5-PLATE-009-B06,GGTACTGATCGT,True,ACGATCAGTACC,False
CZB-TRUSEQ-8-12BP-i5-PLATE-009-D02,GGCTAAGAACTC,True,GAGTTCTTAGCC,False
CZB-TRUSEQ-8-12BP-i5-PLATE-009-E04,GGAGAATGGAAC,True,GTTCCATTCTCC,False
CZB-TRUSEQ-8-12BP-i5-PLATE-009-E07,GGAATGAGGTGA,True,TCACCTCATTCC,False
CZB-TRUSEQ-8-12BP-i5-PLATE-009-F10,GGAAGAGATCGT,True,ACGATCTCTTCC,False
CZB-TRUSEQ-8-12BP-i5-PLATE-009-G04,GGTTCTTCTCGT,True,ACGAGAAGAACC,False
CZB-TRUSEQ-8-12BP-i5-PLATE-010-A01,GGAGTCTAGAAC,True,GTTCTAGACTCC,False
CZB-TRUSEQ-8-12BP-i5-PLATE-010-B04,GGACATTCTGAG,True,CTCAGAATGTCC,False
CZB-TRUSEQ-8-12BP-i5-PLATE-010-E06,GGCAATACCTTG,True,CAAGGTATTGCC,False
CZB-TRUSEQ-8-12BP-i5-PLATE-010-G08,GGTCTTGTTCGT,True,ACGAACAAGACC,False
CZB-TRUSEQ-8-12BP-i5-PLATE-011-A12,GGCCTATAAGCA,True,TGCTTATAGGCC,False
CZB-TRUSEQ-8-12BP-i5-PLATE-011-D09,GGAACAACTCGT,True,ACGAGTTGTTCC,False
CZB-TRUSEQ-8-12BP-i5-PLATE-011-G05,GGTAACTCCTTG,True,CAAGGAGTTACC,False
CZB-TRUSEQ-8-12BP-i5-PLATE-011-G09,GGATCACACTTG,True,CAAGTGTGATCC,False
CZB-TRUSEQ-8-12BP-i5-PLATE-011-H06,GGAACTTGCTTG,True,CAAGCAAGTTCC,False
CZB-TRUSEQ-8-12BP-i5-PLATE-012-A02,GGCGATTAGTGA,True,TCACTAATCGCC,False
CZB-TRUSEQ-8-12BP-i5-PLATE-012-B09,GGATGTACCACT,True,AGTGGTACATCC,False
