Sample_ID,Index,Index2,GG_category,Sample_type,Input_Run131_MiSeq,Input_NextSeq001_NextSeq,ratio_NextSeq_over_MiSeq,log2_fold_change_NextSeq_over_MiSeq
1K_Positive_Control_8073801533_2,TCACTCATGCAC,GGTTCTTCCACT,Index2_GG,positive_control,149080,232456,1.5593,0.6409
IM-24-030-HLUN,AGTGTGGAAGCT,GGAATGAGTCGT,Index2_GG,biological,122059,189942,1.5561,0.638
IM-24-030-SBPN,GTTCAGATCTGG,GGAGAATGCTTG,Index2_GG,biological,100178,168147,1.6785,0.7472
IM-24-030-TMSA,TGCTGAGATGTC,GGCTAAGAGAAC,Index2_GG,biological,249034,382420,1.5356,0.6188
IM-24-030-ZCCV,AGTGGAAGAACC,GGAAGAGACACT,Index2_GG,biological,247820,412307,1.6637,0.7344
IM-24-044-DGQK,CTCATACCTTGG,GGTACTGACACT,Index2_GG,biological,215822,340252,1.5765,0.6568
1K_Positive_Control_8073801533_1,GAGTCACGCTAA,TAGCTCCAAGCA,Neither,positive_control,136507,241048,1.7658,0.8203
IM-24-030-ABGU,CAAGGATGTGAC,AACCTGCTTCGT,Neither,biological,137970,231278,1.6763,0.7453
IM-24-030-AVXN,GTTCGATGTCTG,GCTTACGAAGCA,Neither,biological,118434,187049,1.5794,0.6593
IM-24-030-BURQ,CTCAATACCGGT,GACATCTCAGCA,Neither,biological,238199,413617,1.7364,0.7961
IM-24-030-DULD,TCACAGCACTAC,GTCACATCCTTG,Neither,biological,152261,241847,1.5884,0.6675
IM-24-030-FCCF,CAAGTGTAAGGC,GTGCAATCCACT,Neither,biological,120541,210262,1.7443,0.8027
IM-24-030-FTFR,CAAGCATTCTCC,CAGACATCGAAC,Neither,biological,144431,185681,1.2856,0.3624
IM-24-030-GRDR,AGTGACGTGTGT,TAGGACTCGAAC,Neither,biological,165187,233254,1.4121,0.4978
IM-24-030-GYPL,GAGTATGGTGAC,CCAAGGTATGAG,Neither,biological,201140,314345,1.5628,0.6441
IM-24-030-JFQD,CTCACGTAGCTT,TGACCTCTCTTG,Neither,biological,87608,143575,1.6388,0.7127
IM-24-030-JRHV,ACGACAGGTTGA,AAGCTACGTGAG,Neither,biological,89954,157425,1.7501,0.8074
IM-24-030-JUAL,GAGTCACGACTA,TCTCTCCTTGAG,Neither,biological,216641,354708,1.6373,0.7113
IM-24-030-KGWA,TCACACCGGAAT,TGTACCACAGCA,Neither,biological,191582,325650,1.6998,0.7654
IM-24-030-LPHV,ACGACAGGACAT,ATTCCGGTGTGA,Neither,biological,153543,257934,1.6799,0.7484
IM-24-030-LQWB,ACGAAGCAGGTT,ATGCTCGTTGAG,Neither,biological,126177,214120,1.697,0.763
IM-24-030-MJGZ,GAGTGTGAAGAC,TGACTGTGCACT,Neither,biological,86410,144705,1.6746,0.7438
IM-24-030-PJRQ,ACGACATCGCAT,CGTATCCTGAAC,Neither,biological,200732,361756,1.8022,0.8497
IM-24-030-PZXL,GTTCAGGATACG,GTCACCATACTC,Neither,biological,203100,305384,1.5036,0.5884
IM-24-030-QCFP,TGCTTCGTAAGC,CTTGCAACACTC,Neither,biological,1,1,1.0,0.0
IM-24-030-RGPV,AGTGCTTCACAG,AGCTTCCACACT,Neither,biological,149924,242881,1.62,0.696
IM-24-030-RKXW,CTCAACGAGCAT,AGACGACAACTC,Neither,biological,191414,252080,1.3169,0.3972
IM-24-030-SYFU,GTTCTCTTAGCC,TAGTCGTGACTC,Neither,biological,201714,329980,1.6359,0.7101
IM-24-030-WQHK,AGTGCACAGTCA,GTGCATGAGTGA,Neither,biological,155833,237332,1.523,0.6069
IM-24-030-WZVY,CAAGAGAGGTCA,TTCTGCCTGTGA,Neither,biological,97701,154734,1.5838,0.6633
IM-24-030-XKPN,ACGACTCATTCC,ACACACGTCACT,Neither,biological,202395,273798,1.3528,0.4359
IM-24-036-AKGG,CAAGGTCCTTGT,AAGTGGAGCACT,Neither,biological,113576,191650,1.6874,0.7548
IM-24-036-BHMX,TCACCGAATAGG,GACTTGTGGAAC,Neither,biological,164352,260817,1.5869,0.6662
IM-24-036-BSTZ,GTTCCACAAGTC,ATGCGATGTCGT,Neither,biological,192914,302526,1.5682,0.6491
IM-24-036-FGTR,TGCTCGTACGAA,TGCCATGATGAG,Neither,biological,82193,132276,1.6093,0.6865
IM-24-036-GFSY,AGTGCTCAACAC,GTCTTCACACTC,Neither,biological,148799,235767,1.5845,0.664
IM-24-036-GXMV,ACGAGCTATAGG,CCAGATCTGAAC,Neither,biological,97509,129860,1.3318,0.4133
IM-24-036-HGDW,ACGACTATCGCT,GACACAGAACTC,Neither,biological,156778,225121,1.4359,0.522
IM-24-036-HLDD,GTTCCTCATCTG,AGGCAAGAAGCA,Neither,biological,100024,166385,1.6635,0.7342
IM-24-036-HNXZ,CTCACTAACTCG,AACACTCGAGCA,Neither,biological,104549,162893,1.5581,0.6397
IM-24-036-HUXF,GTTCGCAACCAT,TCACCATCGTGA,Neither,biological,270924,455270,1.6804,0.7488
IM-24-036-JRKV,CTCACTTGCCAA,TCAACCTGTCGT,Neither,biological,112546,183309,1.6287,0.7038
IM-24-036-JXJB,ACGAGAACCAAC,CCTATAGCTCGT,Neither,biological,78678,102007,1.2965,0.3746
IM-24-036-JXRB,ACGATCGCCTAT,GTAGTGCTGTGA,Neither,biological,100726,166988,1.6578,0.7293
IM-24-036-KFTY,AGTGCTACGGTT,CAGAAGGTTCGT,Neither,biological,155335,265897,1.7118,0.7755
IM-24-036-KVJT,GTTCCTTCTTGC,CGAATGCATGAG,Neither,biological,71812,101409,1.4121,0.4979
IM-24-036-LMBX,ACGAACCTTCTG,ACCGGTATTGAG,Neither,biological,196988,322233,1.6358,0.71
IM-24-036-LSSX,GAGTCTTCGAGT,AACGCATGCTTG,Neither,biological,201581,312451,1.55,0.6323
IM-24-036-MGBT,CTCACACTTGTG,GCCTTACACTTG,Neither,biological,157667,243906,1.547,0.6294
IM-24-036-MMML,TGCTTGGAGCTA,AGGAGAAGCACT,Neither,biological,105430,175199,1.6618,0.7327
IM-24-036-NRTL,TCACCGTTGGAT,GCAAGAAGGAAC,Neither,biological,169918,260443,1.5328,0.6161
IM-24-036-PCBV,GTTCGACTGTTG,TTCGTACGAGCA,Neither,biological,151513,239720,1.5822,0.6619
IM-24-036-PPXY,CTCATCATGGCA,CTACCATGGTGA,Neither,biological,81773,138136,1.6893,0.7564
IM-24-036-QVCT,TGCTGTGTATGC,AGGTAGCAGTGA,Neither,biological,175871,267775,1.5226,0.6065
IM-24-036-QYFM,AGTGCTTCTCCT,ACAAGGACCTTG,Neither,biological,93729,146866,1.5669,0.6479
IM-24-036-RLMJ,GAGTCACGTGAT,CACAAGTGTGAG,Neither,biological,151595,242376,1.5988,0.677
IM-24-036-RQDV,GAGTTCAAGGTC,CCTATTCGGTGA,Neither,biological,179386,288535,1.6085,0.6857
IM-24-036-SBXS,TGCTCGAGTGTT,CTGGCTATGTGA,Neither,biological,110115,186564,1.6943,0.7607
IM-24-036-UJRS,TCACATAGCCAG,ATAGGCGATCGT,Neither,biological,61858,103792,1.6779,0.7467
IM-24-036-WCRJ,CAAGCATGCGTT,AGCGATAGTCGT,Neither,biological,174287,306937,1.7611,0.8165
IM-24-036-WFBS,TCACTGCTACCT,AACCGTAGCACT,Neither,biological,191572,322138,1.6816,0.7498
IM-24-036-WGUS,TCACCATGGTAG,TTGGCAAGTGAG,Neither,biological,75488,118275,1.5668,0.6478
IM-24-036-YMPJ,CTCATGCATTCG,GTTGGTTCTCGT,Neither,biological,61215,97461,1.5921,0.6709
IM-24-036-ZFNA,AGTGCTCCACTT,CTGTGAAGCACT,Neither,biological,106632,170298,1.5971,0.6754
IM-24-036-ZQVB,TCACGATGGTGA,GACCTTGAACTC,Neither,biological,194759,297469,1.5274,0.611
IM-24-036-ZTTN,GTTCCTGAGAAG,CGAGTTAGTGAG,Neither,biological,143198,235945,1.6477,0.7204
IM-24-044-AGYR,AGTGTCTCTTCC,GACGAATCCTTG,Neither,biological,145551,211784,1.4551,0.5411
IM-24-044-ASXY,AGTGTCAGTACC,TCGATACGTGAG,Neither,biological,264946,401086,1.5138,0.5982
IM-24-044-BJBV,GTTCGAGTCCTA,TTGTTGGCTCGT,Neither,biological,129897,212205,1.6336,0.7081
IM-24-044-BLAP,CAAGTCCAATGG,TCCGTTGAGTGA,Neither,biological,118103,194780,1.6492,0.7218
IM-24-044-DHYG,CTCAAGGAGAGA,TCACGCTAACTC,Neither,biological,289593,479918,1.6572,0.7288
IM-24-044-JYSS,CAAGCTGACTTC,CAGATGAGGAAC,Neither,biological,230059,349448,1.5189,0.6031
IM-24-044-JZJL,TGCTTCGGATGT,CTCACTAGTGAG,Neither,biological,179959,277449,1.5417,0.6246
IM-24-044-KXJF,TCACCTCCAACA,GCATACACAGCA,Neither,biological,270592,358541,1.325,0.406
IM-24-044-MWDS,ACGAAGAGGAGT,ATGGTTGCGAAC,Neither,biological,252964,387518,1.5319,0.6153
IM-24-044-OCDC,TGCTCATGCACA,CAACAGTCGAAC,Neither,biological,73934,120534,1.6303,0.7051
IM-24-044-PXTH,GTTCTCTGGAGT,ACTCGAAGACTC,Neither,biological,171776,228293,1.329,0.4104
IM-24-044-QSMX,CAAGTCAGTCAG,TTAGCGTGACTC,Neither,biological,82444,133649,1.6211,0.697
IM-24-044-QTBV,CAAGGTCACTCT,ATCCAACGGTGA,Neither,biological,69987,117201,1.6746,0.7438
IM-24-044-SDCF,GAGTGTTGCAAG,GTCAGACTAGCA,Neither,biological,116070,203245,1.7511,0.8082
IM-24-044-SKBF,CTCACTAGTGAG,GAAGTCAGCTTG,Neither,biological,120203,183589,1.5273,0.611
IM-24-044-TWSM,TGCTGTAGTAGC,AGCGAACTACTC,Neither,biological,143544,226913,1.5808,0.6606
IM-24-044-UHQM,CAAGGCTTCAAC,TGTTGGAGGTGA,Neither,biological,182880,279004,1.5256,0.6094
IM-24-044-UKFD,TGCTGTGGTACA,ACATCCGAAGCA,Neither,biological,205553,349873,1.7021,0.7673
IM-24-044-ULMT,CTCACGTATCGA,ACTCCTCTTCGT,Neither,biological,261098,390157,1.4943,0.5795
IM-24-044-UQPJ,CAAGGATTCGTC,ACTCCAGAGAAC,Neither,biological,206138,303779,1.4737,0.5594
IM-24-044-UZMH,ACGAGCCAACAA,CTGACTGACTTG,Neither,biological,155645,223936,1.4388,0.5248
IM-24-044-WGHW,GAGTTAGCGTGA,GTTGAAGCCTTG,Neither,biological,236666,353390,1.4932,0.5784
IM-24-044-WQPU,GAGTTGTCGTCT,GCTACTACAGCA,Neither,biological,167318,257706,1.5402,0.6231
IM-24-044-WUNF,TCACTCAACGGA,TGTGCATGAGCA,Neither,biological,137460,224443,1.6328,0.7073
Negative_Control_1,GAGTTCTGTGTC,GTGTTGAGCACT,Neither,negative_control,691,1114,1.6122,0.689
Negative_Control_2,TGCTTCTTGCCT,ATCACGTGACTC,Neither,negative_control,842,1454,1.7268,0.7881
Negative_Control_3,GAGTAGTTCGCT,CTTCTCAGGAAC,Neither,negative_control,341,518,1.5191,0.6032
Negative_Control_4,TGCTAGTCTGAC,AGAGTGACCTTG,Neither,negative_control,332,511,1.5392,0.6221
Negative_Control_5,TCACAGGCAGAA,CCATTGGACTTG,Neither,negative_control,54,101,1.8704,0.9033
Negative_Control_6,AGTGGATTGCAC,ATGTCCTGTCGT,Neither,negative_control,551,957,1.7368,0.7965
