Sample_ID,Sample_Name,Biosample_ID,Index_ID,Index,Index2_ID,Index2
IM-24-036-BSTZ,IM-24-036-BSTZ,IM-24-036-BSTZ,CZB-TRUSEQ-8-12BP-i7-PLATE-003-A01,GTTCCACAAGTC,CZB-TRUSEQ-8-12BP-i5-PLATE-003-A01,ATGCGATGTCGT
IM-24-036-GFSY,IM-24-036-GFSY,IM-24-036-GFSY,CZB-TRUSEQ-8-12BP-i7-PLATE-003-B01,AGTGCTCAACAC,CZB-TRUSEQ-8-12BP-i5-PLATE-003-B01,GTCTTCACACTC
IM-24-036-ZFNA,IM-24-036-ZFNA,IM-24-036-ZFNA,CZB-TRUSEQ-8-12BP-i7-PLATE-003-C01,AGTGCTCCACTT,CZB-TRUSEQ-8-12BP-i5-PLATE-003-C01,CTGTGAAGCACT
IM-24-036-GXMV,IM-24-036-GXMV,IM-24-036-GXMV,CZB-TRUSEQ-8-12BP-i7-PLATE-003-D01,ACGAGCTATAGG,CZB-TRUSEQ-8-12BP-i5-PLATE-003-D01,CCAGATCTGAAC
IM-24-036-JRKV,IM-24-036-JRKV,IM-24-036-JRKV,CZB-TRUSEQ-8-12BP-i7-PLATE-003-E01,CTCACTTGCCAA,CZB-TRUSEQ-8-12BP-i5-PLATE-003-E01,TCAACCTGTCGT
IM-24-036-JXRB,IM-24-036-JXRB,IM-24-036-JXRB,CZB-TRUSEQ-8-12BP-i7-PLATE-003-F01,ACGATCGCCTAT,CZB-TRUSEQ-8-12BP-i5-PLATE-003-F01,GTAGTGCTGTGA
IM-24-036-MGBT,IM-24-036-MGBT,IM-24-036-MGBT,CZB-TRUSEQ-8-12BP-i7-PLATE-003-G01,CTCACACTTGTG,CZB-TRUSEQ-8-12BP-i5-PLATE-003-G01,GCCTTACACTTG
IM-24-036-LMBX,IM-24-036-LMBX,IM-24-036-LMBX,CZB-TRUSEQ-8-12BP-i7-PLATE-003-H01,ACGAACCTTCTG,CZB-TRUSEQ-8-12BP-i5-PLATE-003-H01,ACCGGTATTGAG
IM-24-036-BHMX,IM-24-036-BHMX,IM-24-036-BHMX,CZB-TRUSEQ-8-12BP-i7-PLATE-003-A02,TCACCGAATAGG,CZB-TRUSEQ-8-12BP-i5-PLATE-003-A02,GACTTGTGGAAC
Negative_Control_1,Negative_Control_1,Negative_Control_1,CZB-TRUSEQ-8-12BP-i7-PLATE-003-B02,GAGTTCTGTGTC,CZB-TRUSEQ-8-12BP-i5-PLATE-003-B02,GTGTTGAGCACT
IM-24-036-AKGG,IM-24-036-AKGG,IM-24-036-AKGG,CZB-TRUSEQ-8-12BP-i7-PLATE-003-C02,CAAGGTCCTTGT,CZB-TRUSEQ-8-12BP-i5-PLATE-003-C02,AAGTGGAGCACT
IM-24-036-JXJB,IM-24-036-JXJB,IM-24-036-JXJB,CZB-TRUSEQ-8-12BP-i7-PLATE-003-D02,ACGAGAACCAAC,CZB-TRUSEQ-8-12BP-i5-PLATE-003-D02,CCTATAGCTCGT
IM-24-036-WGUS,IM-24-036-WGUS,IM-24-036-WGUS,CZB-TRUSEQ-8-12BP-i7-PLATE-003-E02,TCACCATGGTAG,CZB-TRUSEQ-8-12BP-i5-PLATE-003-E02,TTGGCAAGTGAG
IM-24-036-UJRS,IM-24-036-UJRS,IM-24-036-UJRS,CZB-TRUSEQ-8-12BP-i7-PLATE-003-F02,TCACATAGCCAG,CZB-TRUSEQ-8-12BP-i5-PLATE-003-F02,ATAGGCGATCGT
IM-24-036-RLMJ,IM-24-036-RLMJ,IM-24-036-RLMJ,CZB-TRUSEQ-8-12BP-i7-PLATE-003-G02,GAGTCACGTGAT,CZB-TRUSEQ-8-12BP-i5-PLATE-003-G02,CACAAGTGTGAG
IM-24-036-KFTY,IM-24-036-KFTY,IM-24-036-KFTY,CZB-TRUSEQ-8-12BP-i7-PLATE-003-H02,AGTGCTACGGTT,CZB-TRUSEQ-8-12BP-i5-PLATE-003-H02,CAGAAGGTTCGT
IM-24-036-RQDV,IM-24-036-RQDV,IM-24-036-RQDV,CZB-TRUSEQ-8-12BP-i7-PLATE-003-A03,GAGTTCAAGGTC,CZB-TRUSEQ-8-12BP-i5-PLATE-003-A03,CCTATTCGGTGA
IM-24-036-HGDW,IM-24-036-HGDW,IM-24-036-HGDW,CZB-TRUSEQ-8-12BP-i7-PLATE-003-B03,ACGACTATCGCT,CZB-TRUSEQ-8-12BP-i5-PLATE-003-B03,GACACAGAACTC
IM-24-036-QYFM,IM-24-036-QYFM,IM-24-036-QYFM,CZB-TRUSEQ-8-12BP-i7-PLATE-003-C03,AGTGCTTCTCCT,CZB-TRUSEQ-8-12BP-i5-PLATE-003-C03,ACAAGGACCTTG
IM-24-036-YMPJ,IM-24-036-YMPJ,IM-24-036-YMPJ,CZB-TRUSEQ-8-12BP-i7-PLATE-003-D03,CTCATGCATTCG,CZB-TRUSEQ-8-12BP-i5-PLATE-003-D03,GTTGGTTCTCGT
IM-24-036-PPXY,IM-24-036-PPXY,IM-24-036-PPXY,CZB-TRUSEQ-8-12BP-i7-PLATE-003-E03,CTCATCATGGCA,CZB-TRUSEQ-8-12BP-i5-PLATE-003-E03,CTACCATGGTGA
IM-24-036-SBXS,IM-24-036-SBXS,IM-24-036-SBXS,CZB-TRUSEQ-8-12BP-i7-PLATE-003-F03,TGCTCGAGTGTT,CZB-TRUSEQ-8-12BP-i5-PLATE-003-F03,CTGGCTATGTGA
Negative_Control_2,Negative_Control_2,Negative_Control_2,CZB-TRUSEQ-8-12BP-i7-PLATE-003-G03,TGCTTCTTGCCT,CZB-TRUSEQ-8-12BP-i5-PLATE-003-G03,ATCACGTGACTC
IM-24-036-WFBS,IM-24-036-WFBS,IM-24-036-WFBS,CZB-TRUSEQ-8-12BP-i7-PLATE-003-H03,TCACTGCTACCT,CZB-TRUSEQ-8-12BP-i5-PLATE-003-H03,AACCGTAGCACT
IM-24-036-ZQVB,IM-24-036-ZQVB,IM-24-036-ZQVB,CZB-TRUSEQ-8-12BP-i7-PLATE-003-A04,TCACGATGGTGA,CZB-TRUSEQ-8-12BP-i5-PLATE-003-A04,GACCTTGAACTC
IM-24-036-WCRJ,IM-24-036-WCRJ,IM-24-036-WCRJ,CZB-TRUSEQ-8-12BP-i7-PLATE-003-B04,CAAGCATGCGTT,CZB-TRUSEQ-8-12BP-i5-PLATE-003-B04,AGCGATAGTCGT
IM-24-036-MMML,IM-24-036-MMML,IM-24-036-MMML,CZB-TRUSEQ-8-12BP-i7-PLATE-003-C04,TGCTTGGAGCTA,CZB-TRUSEQ-8-12BP-i5-PLATE-003-C04,AGGAGAAGCACT
IM-24-036-KVJT,IM-24-036-KVJT,IM-24-036-KVJT,CZB-TRUSEQ-8-12BP-i7-PLATE-003-D04,GTTCCTTCTTGC,CZB-TRUSEQ-8-12BP-i5-PLATE-003-D04,CGAATGCATGAG
IM-24-036-FGTR,IM-24-036-FGTR,IM-24-036-FGTR,CZB-TRUSEQ-8-12BP-i7-PLATE-003-E04,TGCTCGTACGAA,CZB-TRUSEQ-8-12BP-i5-PLATE-003-E04,TGCCATGATGAG
IM-24-036-HNXZ,IM-24-036-HNXZ,IM-24-036-HNXZ,CZB-TRUSEQ-8-12BP-i7-PLATE-003-F04,CTCACTAACTCG,CZB-TRUSEQ-8-12BP-i5-PLATE-003-F04,AACACTCGAGCA
IM-24-036-HLDD,IM-24-036-HLDD,IM-24-036-HLDD,CZB-TRUSEQ-8-12BP-i7-PLATE-003-G04,GTTCCTCATCTG,CZB-TRUSEQ-8-12BP-i5-PLATE-003-G04,AGGCAAGAAGCA
IM-24-036-QVCT,IM-24-036-QVCT,IM-24-036-QVCT,CZB-TRUSEQ-8-12BP-i7-PLATE-003-H04,TGCTGTGTATGC,CZB-TRUSEQ-8-12BP-i5-PLATE-003-H04,AGGTAGCAGTGA
IM-24-036-HUXF,IM-24-036-HUXF,IM-24-036-HUXF,CZB-TRUSEQ-8-12BP-i7-PLATE-003-A05,GTTCGCAACCAT,CZB-TRUSEQ-8-12BP-i5-PLATE-003-A05,TCACCATCGTGA
IM-24-036-LSSX,IM-24-036-LSSX,IM-24-036-LSSX,CZB-TRUSEQ-8-12BP-i7-PLATE-003-B05,GAGTCTTCGAGT,CZB-TRUSEQ-8-12BP-i5-PLATE-003-B05,AACGCATGCTTG
1K_Positive_Control_8073801533_1,1K_Positive_Control_8073801533_1,1K_Positive_Control_8073801533_1,CZB-TRUSEQ-8-12BP-i7-PLATE-003-C05,GAGTCACGCTAA,CZB-TRUSEQ-8-12BP-i5-PLATE-003-C05,TAGCTCCAAGCA
IM-24-036-NRTL,IM-24-036-NRTL,IM-24-036-NRTL,CZB-TRUSEQ-8-12BP-i7-PLATE-003-D05,TCACCGTTGGAT,CZB-TRUSEQ-8-12BP-i5-PLATE-003-D05,GCAAGAAGGAAC
IM-24-036-PCBV,IM-24-036-PCBV,IM-24-036-PCBV,CZB-TRUSEQ-8-12BP-i7-PLATE-003-E05,GTTCGACTGTTG,CZB-TRUSEQ-8-12BP-i5-PLATE-003-E05,TTCGTACGAGCA
IM-24-036-ZTTN,IM-24-036-ZTTN,IM-24-036-ZTTN,CZB-TRUSEQ-8-12BP-i7-PLATE-003-F05,GTTCCTGAGAAG,CZB-TRUSEQ-8-12BP-i5-PLATE-003-F05,CGAGTTAGTGAG
IM-24-044-JYSS,IM-24-044-JYSS,IM-24-044-JYSS,CZB-TRUSEQ-8-12BP-i7-PLATE-003-G05,CAAGCTGACTTC,CZB-TRUSEQ-8-12BP-i5-PLATE-003-G05,CAGATGAGGAAC
IM-24-044-KXJF,IM-24-044-KXJF,IM-24-044-KXJF,CZB-TRUSEQ-8-12BP-i7-PLATE-003-H05,TCACCTCCAACA,CZB-TRUSEQ-8-12BP-i5-PLATE-003-H05,GCATACACAGCA
IM-24-044-MWDS,IM-24-044-MWDS,IM-24-044-MWDS,CZB-TRUSEQ-8-12BP-i7-PLATE-003-A06,ACGAAGAGGAGT,CZB-TRUSEQ-8-12BP-i5-PLATE-003-A06,ATGGTTGCGAAC
IM-24-044-PXTH,IM-24-044-PXTH,IM-24-044-PXTH,CZB-TRUSEQ-8-12BP-i7-PLATE-003-B06,GTTCTCTGGAGT,CZB-TRUSEQ-8-12BP-i5-PLATE-003-B06,ACTCGAAGACTC
IM-24-044-QSMX,IM-24-044-QSMX,IM-24-044-QSMX,CZB-TRUSEQ-8-12BP-i7-PLATE-003-C06,CAAGTCAGTCAG,CZB-TRUSEQ-8-12BP-i5-PLATE-003-C06,TTAGCGTGACTC
IM-24-044-QTBV,IM-24-044-QTBV,IM-24-044-QTBV,CZB-TRUSEQ-8-12BP-i7-PLATE-003-D06,CAAGGTCACTCT,CZB-TRUSEQ-8-12BP-i5-PLATE-003-D06,ATCCAACGGTGA
IM-24-044-OCDC,IM-24-044-OCDC,IM-24-044-OCDC,CZB-TRUSEQ-8-12BP-i7-PLATE-003-E06,TGCTCATGCACA,CZB-TRUSEQ-8-12BP-i5-PLATE-003-E06,CAACAGTCGAAC
Negative_Control_3,Negative_Control_3,Negative_Control_3,CZB-TRUSEQ-8-12BP-i7-PLATE-003-F06,GAGTAGTTCGCT,CZB-TRUSEQ-8-12BP-i5-PLATE-003-F06,CTTCTCAGGAAC
IM-24-044-SKBF,IM-24-044-SKBF,IM-24-044-SKBF,CZB-TRUSEQ-8-12BP-i7-PLATE-003-G06,CTCACTAGTGAG,CZB-TRUSEQ-8-12BP-i5-PLATE-003-G06,GAAGTCAGCTTG
IM-24-044-UHQM,IM-24-044-UHQM,IM-24-044-UHQM,CZB-TRUSEQ-8-12BP-i7-PLATE-003-H06,CAAGGCTTCAAC,CZB-TRUSEQ-8-12BP-i5-PLATE-003-H06,TGTTGGAGGTGA
IM-24-044-ULMT,IM-24-044-ULMT,IM-24-044-ULMT,CZB-TRUSEQ-8-12BP-i7-PLATE-003-A07,CTCACGTATCGA,CZB-TRUSEQ-8-12BP-i5-PLATE-003-A07,ACTCCTCTTCGT
IM-24-044-UQPJ,IM-24-044-UQPJ,IM-24-044-UQPJ,CZB-TRUSEQ-8-12BP-i7-PLATE-003-B07,CAAGGATTCGTC,CZB-TRUSEQ-8-12BP-i5-PLATE-003-B07,ACTCCAGAGAAC
IM-24-044-UZMH,IM-24-044-UZMH,IM-24-044-UZMH,CZB-TRUSEQ-8-12BP-i7-PLATE-003-C07,ACGAGCCAACAA,CZB-TRUSEQ-8-12BP-i5-PLATE-003-C07,CTGACTGACTTG
Negative_Control_4,Negative_Control_4,Negative_Control_4,CZB-TRUSEQ-8-12BP-i7-PLATE-003-D07,TGCTAGTCTGAC,CZB-TRUSEQ-8-12BP-i5-PLATE-003-D07,AGAGTGACCTTG
IM-24-044-WUNF,IM-24-044-WUNF,IM-24-044-WUNF,CZB-TRUSEQ-8-12BP-i7-PLATE-003-E07,TCACTCAACGGA,CZB-TRUSEQ-8-12BP-i5-PLATE-003-E07,TGTGCATGAGCA
IM-24-044-TWSM,IM-24-044-TWSM,IM-24-044-TWSM,CZB-TRUSEQ-8-12BP-i7-PLATE-003-F07,TGCTGTAGTAGC,CZB-TRUSEQ-8-12BP-i5-PLATE-003-F07,AGCGAACTACTC
IM-24-044-JZJL,IM-24-044-JZJL,IM-24-044-JZJL,CZB-TRUSEQ-8-12BP-i7-PLATE-003-G07,TGCTTCGGATGT,CZB-TRUSEQ-8-12BP-i5-PLATE-003-G07,CTCACTAGTGAG
IM-24-044-WGHW,IM-24-044-WGHW,IM-24-044-WGHW,CZB-TRUSEQ-8-12BP-i7-PLATE-003-H07,GAGTTAGCGTGA,CZB-TRUSEQ-8-12BP-i5-PLATE-003-H07,GTTGAAGCCTTG
IM-24-044-ASXY,IM-24-044-ASXY,IM-24-044-ASXY,CZB-TRUSEQ-8-12BP-i7-PLATE-003-A08,AGTGTCAGTACC,CZB-TRUSEQ-8-12BP-i5-PLATE-003-A08,TCGATACGTGAG
IM-24-044-AGYR,IM-24-044-AGYR,IM-24-044-AGYR,CZB-TRUSEQ-8-12BP-i7-PLATE-003-B08,AGTGTCTCTTCC,CZB-TRUSEQ-8-12BP-i5-PLATE-003-B08,GACGAATCCTTG
IM-24-044-BJBV,IM-24-044-BJBV,IM-24-044-BJBV,CZB-TRUSEQ-8-12BP-i7-PLATE-003-C08,GTTCGAGTCCTA,CZB-TRUSEQ-8-12BP-i5-PLATE-003-C08,TTGTTGGCTCGT
IM-24-044-SDCF,IM-24-044-SDCF,IM-24-044-SDCF,CZB-TRUSEQ-8-12BP-i7-PLATE-003-D08,GAGTGTTGCAAG,CZB-TRUSEQ-8-12BP-i5-PLATE-003-D08,GTCAGACTAGCA
IM-24-044-BLAP,IM-24-044-BLAP,IM-24-044-BLAP,CZB-TRUSEQ-8-12BP-i7-PLATE-003-E08,CAAGTCCAATGG,CZB-TRUSEQ-8-12BP-i5-PLATE-003-E08,TCCGTTGAGTGA
IM-24-044-WQPU,IM-24-044-WQPU,IM-24-044-WQPU,CZB-TRUSEQ-8-12BP-i7-PLATE-003-F08,GAGTTGTCGTCT,CZB-TRUSEQ-8-12BP-i5-PLATE-003-F08,GCTACTACAGCA
IM-24-044-UKFD,IM-24-044-UKFD,IM-24-044-UKFD,CZB-TRUSEQ-8-12BP-i7-PLATE-003-G08,TGCTGTGGTACA,CZB-TRUSEQ-8-12BP-i5-PLATE-003-G08,ACATCCGAAGCA
IM-24-044-DHYG,IM-24-044-DHYG,IM-24-044-DHYG,CZB-TRUSEQ-8-12BP-i7-PLATE-003-H08,CTCAAGGAGAGA,CZB-TRUSEQ-8-12BP-i5-PLATE-003-H08,TCACGCTAACTC
IM-24-044-DGQK,IM-24-044-DGQK,IM-24-044-DGQK,CZB-TRUSEQ-8-12BP-i7-PLATE-003-A09,CTCATACCTTGG,CZB-TRUSEQ-8-12BP-i5-PLATE-003-A09,GGTACTGACACT
IM-24-030-ZCCV,IM-24-030-ZCCV,IM-24-030-ZCCV,CZB-TRUSEQ-8-12BP-i7-PLATE-003-B09,AGTGGAAGAACC,CZB-TRUSEQ-8-12BP-i5-PLATE-003-B09,GGAAGAGACACT
IM-24-030-GRDR,IM-24-030-GRDR,IM-24-030-GRDR,CZB-TRUSEQ-8-12BP-i7-PLATE-003-C09,AGTGACGTGTGT,CZB-TRUSEQ-8-12BP-i5-PLATE-003-C09,TAGGACTCGAAC
IM-24-030-QCFP,IM-24-030-QCFP,IM-24-030-QCFP,CZB-TRUSEQ-8-12BP-i7-PLATE-003-D09,TGCTTCGTAAGC,CZB-TRUSEQ-8-12BP-i5-PLATE-003-D09,CTTGCAACACTC
Negative_Control_5,Negative_Control_5,Negative_Control_5,CZB-TRUSEQ-8-12BP-i7-PLATE-003-E09,TCACAGGCAGAA,CZB-TRUSEQ-8-12BP-i5-PLATE-003-E09,CCATTGGACTTG
IM-24-030-RKXW,IM-24-030-RKXW,IM-24-030-RKXW,CZB-TRUSEQ-8-12BP-i7-PLATE-003-F09,CTCAACGAGCAT,CZB-TRUSEQ-8-12BP-i5-PLATE-003-F09,AGACGACAACTC
IM-24-030-KGWA,IM-24-030-KGWA,IM-24-030-KGWA,CZB-TRUSEQ-8-12BP-i7-PLATE-003-G09,TCACACCGGAAT,CZB-TRUSEQ-8-12BP-i5-PLATE-003-G09,TGTACCACAGCA
IM-24-030-JUAL,IM-24-030-JUAL,IM-24-030-JUAL,CZB-TRUSEQ-8-12BP-i7-PLATE-003-H09,GAGTCACGACTA,CZB-TRUSEQ-8-12BP-i5-PLATE-003-H09,TCTCTCCTTGAG
IM-24-030-GYPL,IM-24-030-GYPL,IM-24-030-GYPL,CZB-TRUSEQ-8-12BP-i7-PLATE-003-A10,GAGTATGGTGAC,CZB-TRUSEQ-8-12BP-i5-PLATE-003-A10,CCAAGGTATGAG
1K_Positive_Control_8073801533_2,1K_Positive_Control_8073801533_2,1K_Positive_Control_8073801533_2,CZB-TRUSEQ-8-12BP-i7-PLATE-003-B10,TCACTCATGCAC,CZB-TRUSEQ-8-12BP-i5-PLATE-003-B10,GGTTCTTCCACT
IM-24-030-XKPN,IM-24-030-XKPN,IM-24-030-XKPN,CZB-TRUSEQ-8-12BP-i7-PLATE-003-C10,ACGACTCATTCC,CZB-TRUSEQ-8-12BP-i5-PLATE-003-C10,ACACACGTCACT
IM-24-030-AVXN,IM-24-030-AVXN,IM-24-030-AVXN,CZB-TRUSEQ-8-12BP-i7-PLATE-003-D10,GTTCGATGTCTG,CZB-TRUSEQ-8-12BP-i5-PLATE-003-D10,GCTTACGAAGCA
IM-24-030-WZVY,IM-24-030-WZVY,IM-24-030-WZVY,CZB-TRUSEQ-8-12BP-i7-PLATE-003-E10,CAAGAGAGGTCA,CZB-TRUSEQ-8-12BP-i5-PLATE-003-E10,TTCTGCCTGTGA
IM-24-030-LQWB,IM-24-030-LQWB,IM-24-030-LQWB,CZB-TRUSEQ-8-12BP-i7-PLATE-003-F10,ACGAAGCAGGTT,CZB-TRUSEQ-8-12BP-i5-PLATE-003-F10,ATGCTCGTTGAG
IM-24-030-LPHV,IM-24-030-LPHV,IM-24-030-LPHV,CZB-TRUSEQ-8-12BP-i7-PLATE-003-G10,ACGACAGGACAT,CZB-TRUSEQ-8-12BP-i5-PLATE-003-G10,ATTCCGGTGTGA
IM-24-030-SYFU,IM-24-030-SYFU,IM-24-030-SYFU,CZB-TRUSEQ-8-12BP-i7-PLATE-003-H10,GTTCTCTTAGCC,CZB-TRUSEQ-8-12BP-i5-PLATE-003-H10,TAGTCGTGACTC
IM-24-030-PZXL,IM-24-030-PZXL,IM-24-030-PZXL,CZB-TRUSEQ-8-12BP-i7-PLATE-003-A11,GTTCAGGATACG,CZB-TRUSEQ-8-12BP-i5-PLATE-003-A11,GTCACCATACTC
IM-24-030-WQHK,IM-24-030-WQHK,IM-24-030-WQHK,CZB-TRUSEQ-8-12BP-i7-PLATE-003-B11,AGTGCACAGTCA,CZB-TRUSEQ-8-12BP-i5-PLATE-003-B11,GTGCATGAGTGA
IM-24-030-HLUN,IM-24-030-HLUN,IM-24-030-HLUN,CZB-TRUSEQ-8-12BP-i7-PLATE-003-C11,AGTGTGGAAGCT,CZB-TRUSEQ-8-12BP-i5-PLATE-003-C11,GGAATGAGTCGT
IM-24-030-FTFR,IM-24-030-FTFR,IM-24-030-FTFR,CZB-TRUSEQ-8-12BP-i7-PLATE-003-D11,CAAGCATTCTCC,CZB-TRUSEQ-8-12BP-i5-PLATE-003-D11,CAGACATCGAAC
IM-24-030-JFQD,IM-24-030-JFQD,IM-24-030-JFQD,CZB-TRUSEQ-8-12BP-i7-PLATE-003-E11,CTCACGTAGCTT,CZB-TRUSEQ-8-12BP-i5-PLATE-003-E11,TGACCTCTCTTG
IM-24-030-ABGU,IM-24-030-ABGU,IM-24-030-ABGU,CZB-TRUSEQ-8-12BP-i7-PLATE-003-F11,CAAGGATGTGAC,CZB-TRUSEQ-8-12BP-i5-PLATE-003-F11,AACCTGCTTCGT
Negative_Control_6,Negative_Control_6,Negative_Control_6,CZB-TRUSEQ-8-12BP-i7-PLATE-003-G11,AGTGGATTGCAC,CZB-TRUSEQ-8-12BP-i5-PLATE-003-G11,ATGTCCTGTCGT
IM-24-030-TMSA,IM-24-030-TMSA,IM-24-030-TMSA,CZB-TRUSEQ-8-12BP-i7-PLATE-003-H11,TGCTGAGATGTC,CZB-TRUSEQ-8-12BP-i5-PLATE-003-H11,GGCTAAGAGAAC
IM-24-030-PJRQ,IM-24-030-PJRQ,IM-24-030-PJRQ,CZB-TRUSEQ-8-12BP-i7-PLATE-003-A12,ACGACATCGCAT,CZB-TRUSEQ-8-12BP-i5-PLATE-003-A12,CGTATCCTGAAC
IM-24-030-MJGZ,IM-24-030-MJGZ,IM-24-030-MJGZ,CZB-TRUSEQ-8-12BP-i7-PLATE-003-B12,GAGTGTGAAGAC,CZB-TRUSEQ-8-12BP-i5-PLATE-003-B12,TGACTGTGCACT
IM-24-030-RGPV,IM-24-030-RGPV,IM-24-030-RGPV,CZB-TRUSEQ-8-12BP-i7-PLATE-003-C12,AGTGCTTCACAG,CZB-TRUSEQ-8-12BP-i5-PLATE-003-C12,AGCTTCCACACT
IM-24-030-SBPN,IM-24-030-SBPN,IM-24-030-SBPN,CZB-TRUSEQ-8-12BP-i7-PLATE-003-D12,GTTCAGATCTGG,CZB-TRUSEQ-8-12BP-i5-PLATE-003-D12,GGAGAATGCTTG
IM-24-030-JRHV,IM-24-030-JRHV,IM-24-030-JRHV,CZB-TRUSEQ-8-12BP-i7-PLATE-003-E12,ACGACAGGTTGA,CZB-TRUSEQ-8-12BP-i5-PLATE-003-E12,AAGCTACGTGAG
IM-24-030-DULD,IM-24-030-DULD,IM-24-030-DULD,CZB-TRUSEQ-8-12BP-i7-PLATE-003-F12,TCACAGCACTAC,CZB-TRUSEQ-8-12BP-i5-PLATE-003-F12,GTCACATCCTTG
IM-24-030-FCCF,IM-24-030-FCCF,IM-24-030-FCCF,CZB-TRUSEQ-8-12BP-i7-PLATE-003-G12,CAAGTGTAAGGC,CZB-TRUSEQ-8-12BP-i5-PLATE-003-G12,GTGCAATCCACT
IM-24-030-BURQ,IM-24-030-BURQ,IM-24-030-BURQ,CZB-TRUSEQ-8-12BP-i7-PLATE-003-H12,CTCAATACCGGT,CZB-TRUSEQ-8-12BP-i5-PLATE-003-H12,GACATCTCAGCA
